"","Label","Expanded Label","OBO Ontology ID","Markers"
"1","Astro","Astrocyte","[astrocyte](http://www.ontobee.org/ontology/CL?iri=http://purl.obolibrary.org/obo/CL_0000127)","SLC1A2, ADGRV1, SLC1A3, GPC5, RNF219.AS1, ARHGAP24, CST3, HPSE2, AQP4, COL5A3"
"2","Endo","Endothelial cell","[endothelial cell](http://www.ontobee.org/ontology/CL?iri=http://purl.obolibrary.org/obo/CL_0000115)","EBF1, ABCG2, CLDN5, FLI1, LEF1, EMCN, IFI27, HLA.E, ADGRL4, CLEC3B"
"3","L2/3 IT","Layer 2-3 glutamatergic neuron, intratelencephalon-projecting","[glutamatergic neuron](http://www.ontobee.org/ontology/CL?iri=http://purl.obolibrary.org/obo/CL_0000679)","CBLN2, EPHA6, LAMA2, CNTN5, PDZD2, CUX2, RASGRF2, FAM19A1, LINC01378, CA10"
"4","L5 ET","Layer 5 glutamatergic neuron, extratelencephalon-projecting","[glutamatergic neuron](http://www.ontobee.org/ontology/CL?iri=http://purl.obolibrary.org/obo/CL_0000679)","COL5A2, FAM19A1, VAT1L, COL24A1, CBLN2, NRP1, PTCHD1.AS, NRG1, HOMER1, SLC35F3"
"5","L5 IT","Layer 5 glutamatergic neuron, intratelencephalon-projecting","[glutamatergic neuron](http://www.ontobee.org/ontology/CL?iri=http://purl.obolibrary.org/obo/CL_0000679)","FSTL4, CNTN5, RORB, FSTL5, IL1RAPL2, CHN2, TOX, CPNE4, CADPS2, POU6F2"
"6","L5/6 NP","Layer 5-6 glutamatergic neuron, near-projecting","[glutamatergic neuron](http://www.ontobee.org/ontology/CL?iri=http://purl.obolibrary.org/obo/CL_0000679)","TSHZ2, NPSR1.AS1, HTR2C, ITGA8, ZNF385D, ASIC2, CDH6, CRYM, NXPH2, CPNE4"
"7","L6 CT","Layer 6 glutamatergic neuron, corticothalamus-projecting","[glutamatergic neuron](http://www.ontobee.org/ontology/CL?iri=http://purl.obolibrary.org/obo/CL_0000679)","ADAMTSL1, KIAA1217, SORCS1, HS3ST4, TRPM3, TOX, SEMA3E, EGFEM1P, MEIS2, SEMA5A"
"8","L6 IT","Layer 6 glutamatergic neuron, intratelencephalon-projecting","[glutamatergic neuron](http://www.ontobee.org/ontology/CL?iri=http://purl.obolibrary.org/obo/CL_0000679)","PTPRK, PDZRN4, CDH9, THEMIS, FSTL5, CDH13, CDH12, CBLN2, LY86.AS1, MLIP"
"9","L6 IT Car3","Layer 6 Car3+ glutamatergic neuron, intratelencephalon-projecting","[glutamatergic neuron](http://www.ontobee.org/ontology/CL?iri=http://purl.obolibrary.org/obo/CL_0000679)","THEMIS, RNF152, NTNG2, STK32B, KCNMB2, GAS2L3, OLFML2B, POSTN, B3GAT2, NR4A2"
"10","L6b","Layer 6b glutamatergic neuron","[glutamatergic neuron](http://www.ontobee.org/ontology/CL?iri=http://purl.obolibrary.org/obo/CL_0000679)","HS3ST4, KCNMB2, MDFIC, C10orf11, NTM, CDH9, MARCH1, TLE4, FOXP2, KIAA1217"
"11","Lamp5","Lamp5+ GABAergic neuron","[GABAergic neuron](http://www.ontobee.org/ontology/CL?iri=http://purl.obolibrary.org/obo/CL_0000617)","FGF13, PTPRT, PRELID2, GRIA4, RELN, PTCHD4, EYA4, MYO16, FBXL7, NXPH2"
"12","Micro-PVM","microglia / perivascular macrophage","[perivascular macrophage](http://www.ontobee.org/ontology/CL?iri=http://purl.obolibrary.org/obo/CL_0000881)","DOCK8, P2RY12, APBB1IP, FYB, PTPRC, TBXAS1, CX3CR1, BLNK, SLCO2B1, CSF1R"
"13","Oligo","oligodendrocyte","[oligodendrocyte](http://www.ontobee.org/ontology/CL?iri=http://purl.obolibrary.org/obo/CL_0000128)","PLP1, ST18, CTNNA3, MBP, MOBP, RNF220, NCKAP5, ENPP2, QKI, SLC44A1"
"14","OPC","oligodendrocyte precursor cell","[oligodendrocyte precursor cell](http://www.ontobee.org/ontology/CL?iri=http://purl.obolibrary.org/obo/CL_0002453)","VCAN, PDGFRA, OLIG1, SMOC1, COL9A1, STK32A, BCAS1, FERMT1, BCHE, ZCCHC24"
"15","Pvalb","Pvalb+ GABAergic neuron","[GABAergic neuron](http://www.ontobee.org/ontology/CL?iri=http://purl.obolibrary.org/obo/CL_0000617)","ADAMTS17, ERBB4, DPP10, ZNF804A, MYO16, BTBD11, GRIA4, SLIT2, SDK1, PPARGC1A"
"16","Sncg","Sncg+ GABAergic neuron","[GABAergic neuron](http://www.ontobee.org/ontology/CL?iri=http://purl.obolibrary.org/obo/CL_0000617)","CNR1, SLC8A1, ASIC2, CXCL14, MAML3, ADARB2, NPAS3, CNTN5, FSTL5, INPP4B"
"17","Sst","Sst+ GABAergic neuron","[GABAergic neuron](http://www.ontobee.org/ontology/CL?iri=http://purl.obolibrary.org/obo/CL_0000617)","GRIK1, RALYL, SST, TRHDE, GRID2, NXPH1, COL25A1, SLC8A1, SOX6, ST6GALNAC5"
"18","Sst Chodl","Sst+ Chodl+ GABAergic neuron","[GABAergic neuron](http://www.ontobee.org/ontology/CL?iri=http://purl.obolibrary.org/obo/CL_0000617)","NPY, FAM46A, STAC, OTOF, NPY2R, CRHBP, ANKRD34B, NOS1, NPNT, FAM163A"
"19","Vip","Vip+ GABAergic neuron","[GABAergic neuron](http://www.ontobee.org/ontology/CL?iri=http://purl.obolibrary.org/obo/CL_0000617)","GALNTL6, LRP1B, VIP, GRM7, KCNT2, THSD7A, ERBB4, SYNPR, ADARB2, SLC24A3"
"20","VLMC","vascular lepotomeningeal cell","[brain pericyte](http://www.ontobee.org/ontology/CL?iri=http://purl.obolibrary.org/obo/CL_2000043)","COLEC12, ITIH5, COL1A2, TBX18, EBF1, C7, COL6A2, SRPX2, FLVCR2, FMO2"
