,Label,OBO Ontology ID,Markers
1,Afferent / Efferent Arteriole Endothelial,[kidney afferent arteriole endothelial cell](http://www.ontobee.org/ontology/CL?iri=http://purl.obolibrary.org/obo/CL_1001096),"VEGFC,ADGRL4,CCDC3,CD34,ADAMTS6,PALMD,CDH13,CHRM3,GFOD1,HEG1"
2,Ascending Thin Limb,"[kidney loop of Henle thin ascending limb epithelial cell
](http://www.ontobee.org/ontology/CL?iri=http://purl.obolibrary.org/obo/CL_1001107)","SH3GL3,COBLL1,BICDL1,LGR4,PATJ,BICC1,CACNA2D3,PKHD1,PAX8,PLCB1"
3,Ascending Vasa Recta Endothelial,"[vasa recta ascending limb cell
](http://www.ontobee.org/ontology/CL?iri=http://purl.obolibrary.org/obo/CL_1001131)","RAMP3,TLL1,PLVAP,CEACAM1,TEK,PLAT,ADGRL4,LIMS2,LINC02147,GPM6A"
4,B,[mature B cell](http://www.ontobee.org/ontology/CL?iri=http://purl.obolibrary.org/obo/CL_0000785),"FCRL1,MS4A1,PAX5,IGHM,ARHGAP24,MARCH1,BANK1,RALGPS2,INPP5D,ARHGAP15"
5,Classical Dendritic,[dendritic cell](http://www.ontobee.org/ontology/CL?iri=http://purl.obolibrary.org/obo/CL_0000451),"RAB7B,IDO1,FLT3,IDO2,WDFY4,FNBP1,CCDC26,CLNK,HDAC9,SLC9A9"
6,Connecting Tubule,[kidney connecting tubule epithelial cell](http://www.ontobee.org/ontology/CL?iri=http://purl.obolibrary.org/obo/CL_1000768),"LINC01099,SCN2A,DCDC2,PDE4D,TOX3,COBLL1,PIK3C2G,TEX41,SLC14A2,CADPS2"
7,Cortical Collecting Duct Intercalated Type A,[renal alpha-intercalated cell](http://www.ontobee.org/ontology/CL?iri=http://purl.obolibrary.org/obo/CL_0005011),"GALNT17,RHCG,ATP6V1C2,ATP6V0D2,CLNK,KIT,PDE1C,PACRG,PTGER3,SLC26A7"
8,Cortical Collecting Duct Principal,[kidney collecting duct principal cell](http://www.ontobee.org/ontology/CL?iri=http://purl.obolibrary.org/obo/CL_1001431),"PWRN1,GATA3,AQP2,PDE4D,KSR2,PIK3C2G,GRIP1,ABTB2,MECOM,LINC01482"
9,Cortical Thick Ascending Limb,[kidney loop of Henle cortical thick ascending limb epithelial cell](http://www.ontobee.org/ontology/CL?iri=http://purl.obolibrary.org/obo/1001109),"GP2,HS6ST2,CASR,ESRRB,RP1,LINC01606,SLC12A1,CCDC148,UMOD,CACNA2D3"
10,Cortical Vascular Smooth Muscle / Pericyte,[vascular associated smooth muscle cell](http://www.ontobee.org/ontology/CL?iri=http://purl.obolibrary.org/obo/CL_0000359),"LDB3,MCAM,NTRK3,KCNAB1,MYH11,CARMN,PDZRN4,LMOD1,ACTA2,ADGRL3"
11,Cycling Mononuclear Phagocyte,[mononuclear phagocyte](http://www.ontobee.org/ontology/CL?iri=http://purl.obolibrary.org/obo/CL_0000113),"DLEU2,FOXN3,HDAC9,RUNX1,LDLRAD4,RBPJ,CELF2,FMN1,CHST11,PRKCB"
12,Descending Thin Limb Type 1,[kidney loop of Henle thin descending limb epithelial cell](http://www.ontobee.org/ontology/CL?iri=http://purl.obolibrary.org/obo/CL_1001111),"PAX8,ALDH1A2,FOXP2,BICC1,MYO9A,LINC01320,UGT2B7,PKHD1"
13,Descending Thin Limb Type 2,[kidney loop of Henle thin descending limb epithelial cell](http://www.ontobee.org/ontology/CL?iri=http://purl.obolibrary.org/obo/CL_1001111),"BICC1,LINC01320,GALNT14,ADAMTS9-AS1,MYO9A,UNC5D,ITGB8,PKHD1,STOX2,OXR1"
14,Descending Thin Limb Type 3,[kidney loop of Henle thin descending limb epithelial cell](http://www.ontobee.org/ontology/CL?iri=http://purl.obolibrary.org/obo/CL_1001111),"DSCAML1,ARHGAP29,MAGI2,FOXP2,BICC1,PAX8,PTPN14,MYO9A,COL4A3,NEBL"
15,Descending Vasa Recta Endothelial ,[vasa recta descending limb cell](http://www.ontobee.org/ontology/CL?iri=http://purl.obolibrary.org/obo/CL_1001285),"PALMD,ADGRL4,ADAMTS6,EFNB2,CDH13,SYN3,PTPRB,PLPP1,RUNX1T1,TIMP3"
16,Distal Convoluted Tubule,[kidney distal convoluted tubule epithelial cell](http://www.ontobee.org/ontology/CL?iri=http://purl.obolibrary.org/obo/CL_1000849),"LINC01055,SLC12A3,TRPM6,CACNA1D,TMEM52B,ARHGAP6,LINC01762,FGF13,EGF,ESRRG"
17,Fibroblast,[fibroblast](http://www.ontobee.org/ontology/CL?iri=http://purl.obolibrary.org/obo/CL_0000057),"ADAMTS12,ABCA6,FBLN5,CDH11,CCBE1,SVEP1,NID1,C7,CLMP,ATRNL1"
18,Glomerular Capillary Endothelial,[glomerular capillary endothelial cell](http://www.ontobee.org/ontology/CL?iri=http://purl.obolibrary.org/obo/CL_1001005),"HECW2,BTNL9,FLT1,EMCN,PLAT,PLPP3,SMAD6,TEK,SYNE1,PTPRB"
19,Inner Medullary Collecting Duct,[kidney inner medulla collecting duct epithelial cell](http://www.ontobee.org/ontology/CL?iri=http://purl.obolibrary.org/obo/CL_1000547),"LINC01924,ANK3,CAPN8,ABTB2,SAMD12,SLC14A2,GRIP1,NAALADL2,LRBA,PCDH7"
20,Intercalated Type B,[renal beta-intercalated cell](http://www.ontobee.org/ontology/CL?iri=http://purl.obolibrary.org/obo/CL_0002201),"SLC4A9,SLC26A4,LINC01187,SLC35F3,IL18,DGKI,PPM1E,PDZD2,PDE1C,ATP6V0D2"
21,Lymphatic Endothelial,[endothelial cell of lymphatic vessel](http://www.ontobee.org/ontology/CL?iri=http://purl.obolibrary.org/obo/CL_0002138),"TBX1,CCL21,MMRN1,PKHD1L1,SEMA3A,FLRT2,RELN,GRAPL,ELK3,KALRN"
22,M2 Macrophage,[macrophage](http://www.ontobee.org/ontology/CL?iri=http://purl.obolibrary.org/obo/CL_0000235),"MS4A6A,CD163,STAB1,SLC1A3,COLEC12,F13A1,MRC1,CD163L1,TLR2,SLCO2B1"
23,Macula Densa,[macula densa epithelial cell](http://www.ontobee.org/ontology/CL?iri=http://purl.obolibrary.org/obo/CL_1000850),"NOS1,TMPRSS4,PPFIA2,BBOX1,PAPPA2,ERBB4,ITGB6,CALCR,PKP4,DEPTOR"
24,Mast,[mast cell](http://www.ontobee.org/ontology/CL?iri=http://purl.obolibrary.org/obo/CL_0000097),"CPA3,TPSB2,HDC,SLC8A3,SLC18A2,KIT,SLC24A3,GRAP2,IL18R1,GATA2"
25,Medullary Fibroblast,[fibroblast](http://www.ontobee.org/ontology/CL?iri=http://purl.obolibrary.org/obo/CL_0000057),"MOXD1,CLMP,LSAMP,ATRNL1,NID1,PID1,MEIS1,LAMA2,HPSE2,LPAR1"
26,Medullary Thick Ascending Limb,[kidney loop of Henle medullary thick ascending limb epithelial cell](http://www.ontobee.org/ontology/CL?iri=http://purl.obolibrary.org/obo/CL_1001108),"SIM2,ESRRB,SLC12A1,CACNA2D3,ESRRG,ATP1A1,LINC01762,PTGER3,ATP1B1,EGF"
27,Mesangial,[mesangial cell](http://www.ontobee.org/ontology/CL?iri=http://purl.obolibrary.org/obo/CL_0000650),"AGTR1,PDGFRB,PIEZO2,WISP1,DAAM2,CARMN,PRR16,ITGA8,COL25A1,ROBO1"
28,Monocyte-derived,[monocyte](http://www.ontobee.org/ontology/CL?iri=http://purl.obolibrary.org/obo/CL_0000576),"CSF2RA,TLR2,RTN1,ATP8B4,HLA-DPB1,FYB1,AOAH,CIITA,HLA-DRB1,MSR1"
29,Natural Killer T,[lymphocyte](http://www.ontobee.org/ontology/CL?iri=http://purl.obolibrary.org/obo/CL_0000542),"GNLY,RUNX3,CD247,MYBL1,SLFN12L,IKZF3,SAMD3,APBA2,STAT4,AOAH"
30,Neutrophil,[neutrophil](http://www.ontobee.org/ontology/CL?iri=http://purl.obolibrary.org/obo/CL_0000775),"FCGR3B,S100A8,S100A9,CSF3R,MXD1,ITM2B,S100A6,FTL,ACTB,DHFR"
31,Non-classical monocyte,[monocyte](http://www.ontobee.org/ontology/CL?iri=http://purl.obolibrary.org/obo/CL_0000576),"SLC11A1,MYO1F,DOCK2,ADGRE2,ITGAL,AOAH,IRAK3,SMAP2,TBXAS1,ZEB2"
32,Outer Medullary Collecting Duct Intercalated Type A,Outer Medullary Collecting Duct Intercalated Type A,"LINC01187,ATP6V0D2,CLNK,ATP6V1C2,SLC4A9,ITGA6,KIT,SLC26A7,RCAN2,ATP6V0A4"
33,Outer Medullary Collecting Duct Principal,Outer Medullary Collecting Duct Principal,"GRIP1,ABTB2,BMPR1B,ANK3,PRKAG2,MECOM,TRPM3,PIK3C2G,PAPPA,CADPS2"
34,Papillary Tip Epithelial,Papillary Tip Epithelial,"KRT13,LCN2,EHF,EEF1A1,SLPI,S100A6,TACSTD2,SPINK1,GPX2,DHRS2"
35,Parietal Epithelial,Parietal Epithelial,"KIRREL3,SLC4A11,CFH,KCNT2,LINC01435,ALDH1A2,KLRG2,FAM189A1,CLDN1,RBFOX1"
36,Peritubular Capilary Endothelial ,Peritubular Capilary Endothelial ,"RAMP3,PLVAP,CEACAM1,ADGRL4,EGFL7,TEK,NOSTRIN,EML1,FLT1,GPM6A"
37,Plasma,[plasma cell](http://www.ontobee.org/ontology/CL?iri=http://purl.obolibrary.org/obo/CL_0000786),"MZB1,IGHG3,IGHG1,POU2AF1,IGHGP,IFNG-AS1,IGHA1,TENT5C,MEI1,IGKC"
38,Plasmacytoid Dendritic,[plasmacytoid dendritic cell](http://www.ontobee.org/ontology/CL?iri=http://purl.obolibrary.org/obo/CL_0000784),"CLEC4C,LINC01478,CLIC3,FAM129C,CUX2,VASH2,BCL11A,RUBCNL,LINC00996,FLT3"
39,Podocyte,[glomerular visceral epithelial cell](http://www.ontobee.org/ontology/CL?iri=http://purl.obolibrary.org/obo/CL_0000653),"NPHS2,ADAMTS19,WT1,NPHS1,FMN2,NTNG1,PTPRQ,TARID,ARHGEF26,ZNF804A"
40,Proximal Tubule Epithelial Segment 1,[epithelial cell of proximal tubule](http://www.ontobee.org/ontology/CL?iri=http://purl.obolibrary.org/obo/CL_0002306),"AFM,SLC36A2,PLG,PAH,SLC13A1,AGXT2,SLC34A1,ACMSD,SLC17A1,SLC28A1"
41,Proximal Tubule Epithelial Segment 2,[epithelial cell of proximal tubule](http://www.ontobee.org/ontology/CL?iri=http://purl.obolibrary.org/obo/CL_0002306),"SMIM2-AS1,SLC13A3,ACSM2B,ACSM2A,CLDN10,SLC2A9,CRYL1,SUGCT,SLC5A12,ERRFI1"
42,Proximal Tubule Epithelial Segment 3,[epithelial cell of proximal tubule](http://www.ontobee.org/ontology/CL?iri=http://purl.obolibrary.org/obo/CL_0002306),"AGXT2,CDH9,LINC00671,ACMSD,SLC28A1,SMIM2-AS1,SLC13A1,TINAG,SLC6A13,DPYS"
43,Renin-positive Juxtaglomerular Granular,[kidney granular cell](http://www.ontobee.org/ontology/CL?iri=http://purl.obolibrary.org/obo/CL_0000648),"ABCC8,REN,COL13A1,CACNB2,ADCY3,PIP5K1B,GRID2,WFDC1,PRKG1,SLIT3"
44,Schwann / Neural,[Schwann cell](http://www.ontobee.org/ontology/CL?iri=http://purl.obolibrary.org/obo/CL_0002573),"CDH19,NRXN1,PRIMA1,ZNF536,NCAM1,CADM2,SCN7A,GINS3,CYP27C1,KIRREL3"
45,T,[T cell](http://www.ontobee.org/ontology/CL?iri=http://purl.obolibrary.org/obo/CL_0000084),"IL7R,THEMIS,ITK,BCL11B,LINC01934,SLFN12L,CAMK4,RHOH,CD247,CD96"
46,Vascular Smooth Muscle / Pericyte,[vascular associated smooth muscle cell](http://www.ontobee.org/ontology/CL?iri=http://purl.obolibrary.org/obo/CL_0000359),"PDGFRB,CARMN,PRR16,CCDC102B,RGS5,ADGRL3,COL25A1,MAP1B,DLC1,HS6ST3"