"","Label","Expanded Label","OBO Ontology ID","Markers"
"20","Astro Aqp4_Gfap","Aqp4+ Gfap+ Astrocyte","[astrocyte](http://www.ontobee.org/ontology/CL?iri=http://purl.obolibrary.org/obo/CL_0000127)","Gpc5,  Myoc,  Slc1a2,  Fxyd6,  Slc1a3,  Nrp2,  Slc6a6,  Apoe,  Aqp4,  Gfap"
"14","Astro Aqp4_Slc7a10","Aqp4+ Slc7a10+ Astrocyte","[astrocyte](http://www.ontobee.org/ontology/CL?iri=http://purl.obolibrary.org/obo/CL_0000127)","Lsamp,  Gpc5,  Slc1a2,  Luzp2,  Slc1a3,  Apoe,  Cadm2,  Rora,  Aqp4,  Slc7a10"
"114","Astro_Top2a","Top2a+ Astrocyte","[astrocyte](http://www.ontobee.org/ontology/CL?iri=http://purl.obolibrary.org/obo/CL_0000127)","Igfbpl1,  Gpc5,  Mki67,  Slc1a2,  Myt1,  Slc1a3,  Apoe,  E2f2,  E2f7,  Top2a"
"7","Endo","Endothelial cell","[endothelial cell](http://www.ontobee.org/ontology/CL?iri=http://purl.obolibrary.org/obo/CL_0000115)","Flt1,  Slco1a4,  Adgrl4,  Ly6c1,  Slc2a1,  Klf2,  Mecom,  Bsg,  Ly6a,  Pltp"
"86","L2/3 IT_1","Layer 2-3 glutamatergic neuron, intratelencephalon-projecting_1","[glutamatergic neuron](http://www.ontobee.org/ontology/CL?iri=http://purl.obolibrary.org/obo/CL_0000679)","Adamts2,  Lingo2,  6530403H02Rik,  Dscaml1,  Gpc6,  Rhbdl3,  5730522E02Rik,  Fam19a1,  Arhgef28,  Lrrtm4"
"90","L2/3 IT_2","Layer 2-3 glutamatergic neuron, intratelencephalon-projecting_2","[glutamatergic neuron](http://www.ontobee.org/ontology/CL?iri=http://purl.obolibrary.org/obo/CL_0000679)","Cntnap5c,  Lingo2,  Epha6,  Dscaml1,  Fras1,  Gpc6,  Fam19a1,  Cdh13,  Lrrtm4,  Lsamp"
"72","L2/3 IT_3","Layer 2-3 glutamatergic neuron, intratelencephalon-projecting_3","[glutamatergic neuron](http://www.ontobee.org/ontology/CL?iri=http://purl.obolibrary.org/obo/CL_0000679)","Lingo2,  Cdh12,  Dscaml1,  Sorcs3,  Gpc6,  Cntn4,  Fam19a1,  Pcdh9,  Sorcs1,  Lrrtm4"
"58","L5 ET_1","Layer 5 glutamatergic neuron, extratelencephalon-projecting_1","[glutamatergic neuron](http://www.ontobee.org/ontology/CL?iri=http://purl.obolibrary.org/obo/CL_0000679)","St6galnac5,  Fam19a1,  Tox,  St6galnac3,  Pigk,  Sgcz,  Robo1,  Crym,  Galntl6,  Zfp804b"
"91","L5 ET_2","Layer 5 glutamatergic neuron, extratelencephalon-projecting_2","[glutamatergic neuron](http://www.ontobee.org/ontology/CL?iri=http://purl.obolibrary.org/obo/CL_0000679)","Fam19a1,  Vwc2l,  Tshz2,  Tox,  Sgcz,  Gm26883,  Erg,  Robo1,  Cdh18,  Galntl6"
"33","L5 ET_3","Layer 5 glutamatergic neuron, extratelencephalon-projecting_3","[glutamatergic neuron](http://www.ontobee.org/ontology/CL?iri=http://purl.obolibrary.org/obo/CL_0000679)","Fam19a1,  Gpc5,  Tox,  Galnt17,  Lingo2,  Sgcz,  Stxbp6,  Robo1,  Spock1,  Galntl6"
"76","L5 ET_4","Layer 5 glutamatergic neuron, extratelencephalon-projecting_4","[glutamatergic neuron](http://www.ontobee.org/ontology/CL?iri=http://purl.obolibrary.org/obo/CL_0000679)","Grin3a,  Fam19a1,  Olfm3,  Tox,  Sgcz,  Tmtc2,  Kctd8,  Robo1,  Galntl6,  Lrp1b"
"24","L5 IT Pld5_1","Pld5+ Layer 5 glutamatergic neuron, intratelencephalon-projecting_1","[glutamatergic neuron](http://www.ontobee.org/ontology/CL?iri=http://purl.obolibrary.org/obo/CL_0000679)","Zfp804a,  Car10,  Ncam2,  Cdh18,  Galntl6,  Pld5,  Cdh12,  Ptprt,  Arhgap31,  Hs3st4"
"84","L5 IT Pld5_2","Pld5+ Layer 5 glutamatergic neuron, intratelencephalon-projecting_2","[glutamatergic neuron](http://www.ontobee.org/ontology/CL?iri=http://purl.obolibrary.org/obo/CL_0000679)","Car10,  Cdh9,  Bcl11b,  Ncam2,  Galntl6,  Dscaml1,  Cwh43,  Cdh12,  Rxfp1,  Pld5"
"75","L5 IT Rspo1_1","Rspo1+ Layer 5 glutamatergic neuron, intratelencephalon-projecting_1","[glutamatergic neuron](http://www.ontobee.org/ontology/CL?iri=http://purl.obolibrary.org/obo/CL_0000679)","Car10,  Lingo2,  Ncam2,  Cux2,  Galntl6,  Cux1,  Prr16,  Cdh12,  Brinp3,  Rspo1"
"64","L5 IT Rspo1_2","Rspo1+ Layer 5 glutamatergic neuron, intratelencephalon-projecting_2","[glutamatergic neuron](http://www.ontobee.org/ontology/CL?iri=http://purl.obolibrary.org/obo/CL_0000679)","Car10,  Zfp804b,  Ncam2,  Cntn5,  Cdh8,  Galntl6,  Cdh12,  Cpne4,  Tnnc1,  Rspo1"
"93","L5 IT S100b_1","S100b+ Layer 5 glutamatergic neuron, intratelencephalon-projecting_1","[glutamatergic neuron](http://www.ontobee.org/ontology/CL?iri=http://purl.obolibrary.org/obo/CL_0000679)","Il1rapl2,  Car10,  Deptor,  Ncam2,  Galntl6,  Pde1a,  AC129186.1,  Cdh12,  Grik3,  S100b"
"111","L5 IT S100b_2","S100b+ Layer 5 glutamatergic neuron, intratelencephalon-projecting_2","[glutamatergic neuron](http://www.ontobee.org/ontology/CL?iri=http://purl.obolibrary.org/obo/CL_0000679)","Car10,  Cdh9,  Ncam2,  Rspo2,  Galntl6,  Blnk,  Cdh12,  AC129186.1,  Gpc6,  S100b"
"100","L5/6 NP CT","Layer 5-6 glutamatergic neuron, near-projecting_CT","[glutamatergic neuron](http://www.ontobee.org/ontology/CL?iri=http://purl.obolibrary.org/obo/CL_0000679)","Tshz2,  Ephb1,  Ankrd33b,  Gm26883,  Kctd8,  Nxph1,  Gm28928,  Vwc2l,  Grik1,  Neto1"
"71","L5/6 NP_1","Layer 5-6 glutamatergic neuron, near-projecting_1","[glutamatergic neuron](http://www.ontobee.org/ontology/CL?iri=http://purl.obolibrary.org/obo/CL_0000679)","Hapln1,  Tshz2,  Gm26883,  Cadps2,  Nxph1,  Rbfox1,  Vwc2l,  Il1rap,  Grik1,  Tmem132d"
"81","L5/6 NP_2","Layer 5-6 glutamatergic neuron, near-projecting_2","[glutamatergic neuron](http://www.ontobee.org/ontology/CL?iri=http://purl.obolibrary.org/obo/CL_0000679)","Tshz2,  Stxbp6,  Gm26883,  Sv2c,  Zeb2,  Nxph1,  Vwc2l,  Gpc6,  Grik1,  Sema3e"
"29","L5/6 NP_3","Layer 5-6 glutamatergic neuron, near-projecting_3","[glutamatergic neuron](http://www.ontobee.org/ontology/CL?iri=http://purl.obolibrary.org/obo/CL_0000679)","Cntn6,  Tshz2,  Gm26883,  Inpp4b,  Kcnab1,  Nxph1,  Cntnap5b,  Vwc2l,  Chrm2,  Grik1"
"4","L6 CT Cpa6","Cpa6+ Layer 6 glutamatergic neuron, corticothalamic-projecting","[glutamatergic neuron](http://www.ontobee.org/ontology/CL?iri=http://purl.obolibrary.org/obo/CL_0000679)","Hs3st4,  Dscaml1,  Chgb,  Chrm3,  Garnl3,  Nfia,  Kctd16,  Kcnj6,  Zfpm2,  Cpa6"
"113","L6 CT Gpr139","Gpr139+ Layer 6 glutamatergic neuron, corticothalamic-projecting","[glutamatergic neuron](http://www.ontobee.org/ontology/CL?iri=http://purl.obolibrary.org/obo/CL_0000679)","Hs3st4,  Gal,  Mdga1,  Chgb,  Gpr139,  Garnl3,  Gm26719,  Kctd16,  Anxa4,  Zfpm2"
"99","L6 CT Grp","Grp+ Layer 6 glutamatergic neuron, corticothalamic-projecting","[glutamatergic neuron](http://www.ontobee.org/ontology/CL?iri=http://purl.obolibrary.org/obo/CL_0000679)","Slc24a3,  Hs3st4,  Chgb,  Ntm,  Garnl3,  Plcxd3,  Kctd16,  Tox,  Meis2,  Grp"
"104","L6 CT Kit_1","Kit+ Layer 6 glutamatergic neuron, corticothalamic-projecting_1","[glutamatergic neuron](http://www.ontobee.org/ontology/CL?iri=http://purl.obolibrary.org/obo/CL_0000679)","Hs3st4,  Sostdc1,  Nts,  Chgb,  Garnl3,  Rmst,  Kctd16,  Kit,  Zfpm2,  Gm29114"
"116","L6 CT Kit_2","Kit+ Layer 6 glutamatergic neuron, corticothalamic-projecting_2","[glutamatergic neuron](http://www.ontobee.org/ontology/CL?iri=http://purl.obolibrary.org/obo/CL_0000679)","Hs3st4,  Cobll1,  Chgb,  Dkk2,  Garnl3,  Kit,  Rmst,  Kctd16,  Gm26883,  Zfpm2"
"82","L6 CT Pou3f2","Pou3f2+ Layer 6 glutamatergic neuron, corticothalamic-projecting","[glutamatergic neuron](http://www.ontobee.org/ontology/CL?iri=http://purl.obolibrary.org/obo/CL_0000679)","Nxph2,  Hs3st4,  Gm28175,  Chgb,  Garnl3,  Gm10635,  Kctd16,  Ntm,  Kcnc2,  Pou3f2"
"27","L6 IT Car3","Car3+ glutamatergic neuron, intratelencephalon-projecting","[glutamatergic neuron](http://www.ontobee.org/ontology/CL?iri=http://purl.obolibrary.org/obo/CL_0000679)","C1ql3,  Cdh13,  Il1rapl2,  Zfp804b,  Dscaml1,  Slit3,  Galnt14,  Nell2,  Ak5,  Car3"
"35","L6 IT_1","Layer 6 glutamatergic neuron, intratelencephalon-projecting_1","[glutamatergic neuron](http://www.ontobee.org/ontology/CL?iri=http://purl.obolibrary.org/obo/CL_0000679)","Brinp3,  C1ql3,  Cdh13,  Fst,  Il1rapl2,  Negr1,  Efna5,  Zfp804b,  Plcxd3,  Dscaml1"
"28","L6 IT_2","Layer 6 glutamatergic neuron, intratelencephalon-projecting_2","[glutamatergic neuron](http://www.ontobee.org/ontology/CL?iri=http://purl.obolibrary.org/obo/CL_0000679)","Tfap2d,  Cdh9,  Pcdh7,  Oprk1,  Dcc,  Smoc2,  Cplx2,  Car12,  Chrm2,  Nr4a2"
"1","L6b Col6a1","Col6a1+ Layer 6b glutamatergic neuron","[glutamatergic neuron](http://www.ontobee.org/ontology/CL?iri=http://purl.obolibrary.org/obo/CL_0000679)","Ctgf,  Bmpr1b,  Cdh18,  Foxp2,  Egfem1,  Hs3st4,  Kcnab1,  Tcf4,  Gm28928,  Col6a1"
"62","L6b Kcnip1","Kcnip1+ Layer 6b glutamatergic neuron","[glutamatergic neuron](http://www.ontobee.org/ontology/CL?iri=http://purl.obolibrary.org/obo/CL_0000679)","Ctgf,  Gm42557,  Cdh18,  Rxfp2,  Kcnip1,  Hs3st4,  Kcnab1,  9530026P05Rik,  Hcrtr2,  Gm28928"
"2","L6b Ror1","Ror1+ Layer 6b glutamatergic neuron","[glutamatergic neuron](http://www.ontobee.org/ontology/CL?iri=http://purl.obolibrary.org/obo/CL_0000679)","Ctgf,  Fbxl7,  Kirrel3,  Cdh18,  Hs3st4,  Fam19a5,  Ptn,  Kcnab1,  Tox,  Ror1"
"21","L6b Shisa6_1","Shisa6+ Layer 6b glutamatergic neuron_1","[glutamatergic neuron](http://www.ontobee.org/ontology/CL?iri=http://purl.obolibrary.org/obo/CL_0000679)","Ctgf,  Shisa6,  Thsd7b,  Cdh18,  Hs3st4,  Kcnab1,  Svil,  Gm28928,  Zfpm2,  Inpp4b"
"57","L6b Shisa6_2","Shisa6+ Layer 6b glutamatergic neuron_2","[glutamatergic neuron](http://www.ontobee.org/ontology/CL?iri=http://purl.obolibrary.org/obo/CL_0000679)","Ctgf,  Brinp3,  Sema3e,  Cdh18,  Trhde,  Hs3st4,  Kcnab1,  Il1rapl1,  March1,  Shisa6"
"79","Lamp5 Egln3_1","Lamp5+ Egln3+ GABAergic neuron_1","[GABAergic neuron](http://www.ontobee.org/ontology/CL?iri=http://purl.obolibrary.org/obo/CL_0000617)","Npy,  Itga8,  Nxph1,  Egln3,  Fgf13,  Fam19a1,  Ptprm,  Fbn2,  AC154782.1,  Lamp5"
"92","Lamp5 Egln3_2","Lamp5+ Egln3+ GABAergic neuron_2","[GABAergic neuron](http://www.ontobee.org/ontology/CL?iri=http://purl.obolibrary.org/obo/CL_0000617)","Npy,  D030045P18Rik,  Nxph1,  Crim1,  Fgf13,  Nrg1,  Cdh18,  Ptprm,  Lamp5,  Egln3"
"36","Lamp5 Egln3_3","Lamp5+ Egln3+ GABAergic neuron_3","[GABAergic neuron](http://www.ontobee.org/ontology/CL?iri=http://purl.obolibrary.org/obo/CL_0000617)","Ntn1,  Npy,  Nxph1,  Dcc,  Trpc4,  Fgf13,  Ndst4,  Ptprm,  Lamp5,  Egln3"
"30","Lamp5 Lhx6","Lamp5+ Lhx6+ GABAergic neuron","[GABAergic neuron](http://www.ontobee.org/ontology/CL?iri=http://purl.obolibrary.org/obo/CL_0000617)","Npy,  Lhx6,  Cntnap3,  Nxph1,  Fgf13,  Tacr1,  Ptprm,  Myo5b,  Reln,  Lamp5"
"39","Lamp5 Pax6","Lamp5+ Pax6+ GABAergic neuron","[GABAergic neuron](http://www.ontobee.org/ontology/CL?iri=http://purl.obolibrary.org/obo/CL_0000617)","Npy,  Pax6,  Nxph1,  Npsr1,  Scrg1,  Fgf13,  Gm16083,  Ptprm,  Reln,  Lamp5"
"96","Lamp5 Pdlim5_1","Lamp5+ Pdlim5+ GABAergic neuron_1","[GABAergic neuron](http://www.ontobee.org/ontology/CL?iri=http://purl.obolibrary.org/obo/CL_0000617)","Cntn5,  Npy,  Nxph1,  Cntn6,  Fgf13,  Pde4b,  Ptprm,  Grid1,  Lamp5,  Pdlim5"
"41","Lamp5 Pdlim5_2","Lamp5+ Pdlim5+ GABAergic neuron_2","[GABAergic neuron](http://www.ontobee.org/ontology/CL?iri=http://purl.obolibrary.org/obo/CL_0000617)","Npy,  Ndnf,  Nxph1,  Cntn5,  Fgf13,  Sema3e,  Ptprm,  Grik1,  Lamp5,  Pdlim5"
"59","Lamp5 Slc35d3","Lamp5+ Slc35d3+ GABAergic neuron","[GABAergic neuron](http://www.ontobee.org/ontology/CL?iri=http://purl.obolibrary.org/obo/CL_0000617)","Htr1f,  Npy,  Rims1,  Nxph1,  Ptprm,  Fgf13,  Reln,  Ndst3,  Lamp5,  Slc35d3"
"16","Meis2","Meis2+ GABAergic neuron","[GABAergic neuron](http://www.ontobee.org/ontology/CL?iri=http://purl.obolibrary.org/obo/CL_0000617)","Igfbpl1,  Draxin,  Cd1d1,  Sp8,  Cd24a,  Lockd,  St8sia2,  Gm29260,  Gm17750,  Meis2"
"31","Meis2_Top2a","Meis2+ Top2a+ GABAergic neuron","[GABAergic neuron](http://www.ontobee.org/ontology/CL?iri=http://purl.obolibrary.org/obo/CL_0000617)","Igfbpl1,  Dcc,  E130114P18Rik,  Draxin,  Cd1d1,  Sp8,  Ccnd2,  Mdk,  Meis2,  Top2a"
"8","Micro","Microglia","[microglial cell](http://www.ontobee.org/ontology/CL?iri=http://purl.obolibrary.org/obo/CL_0000129)","Inpp5d,  Plxdc2,  Tgfbr1,  Hexb,  Nav2,  C1qa,  Tanc2,  Csmd3,  C1qb,  Ctss"
"66","Oligo Enpp6_1","Enpp6+ oligodendrocyte_1","[oligodendrocyte](http://www.ontobee.org/ontology/CL?iri=http://purl.obolibrary.org/obo/CL_0000128)","Pde9a,  Inpp5d,  Hexb,  Panx1,  4932435O22Rik,  Tgfbr1,  Gm13179,  C1qa,  Fam114a1,  Enpp6"
"87","Oligo Enpp6_2","Enpp6+ oligodendrocyte_2","[oligodendrocyte](http://www.ontobee.org/ontology/CL?iri=http://purl.obolibrary.org/obo/CL_0000128)","Bmp4,  Inpp5d,  Hexb,  Neu4,  5730559C18Rik,  Tgfbr1,  Stk32a,  C1qa,  Ctss,  Enpp6"
"108","Oligo Enpp6_3","Enpp6+ oligodendrocyte_3","[oligodendrocyte](http://www.ontobee.org/ontology/CL?iri=http://purl.obolibrary.org/obo/CL_0000128)","Pde9a,  Inpp5d,  Hexb,  Carmil1,  Tgfbr1,  Kcnj12,  Egflam,  C1qa,  Gm38039,  Enpp6"
"112","Oligo Enpp6_4","Enpp6+ oligodendrocyte_4","[oligodendrocyte](http://www.ontobee.org/ontology/CL?iri=http://purl.obolibrary.org/obo/CL_0000128)","Gm13883,  Plp1,  Gm16029,  Mbp,  Gm26834,  St18,  Kcnj12,  Prr5l,  Mobp,  Enpp6"
"15","Oligo Opalin_1","Opalin+ oligodendrocyte_1","[oligodendrocyte](http://www.ontobee.org/ontology/CL?iri=http://purl.obolibrary.org/obo/CL_0000128)","Tmem117,  Plp1,  Mbp,  Enpp6,  Tln2,  St18,  Prr5l,  Anln,  Selenop,  Opalin"
"22","Oligo Opalin_2","Opalin+ oligodendrocyte_2","[oligodendrocyte](http://www.ontobee.org/ontology/CL?iri=http://purl.obolibrary.org/obo/CL_0000128)","Plp1,  Ptgds,  Mbp,  Il33,  St18,  C030029H02Rik,  Prr5l,  Palm2,  Mobp,  Opalin"
"25","Oligo Opalin_3","Opalin+ oligodendrocyte_3","[oligodendrocyte](http://www.ontobee.org/ontology/CL?iri=http://purl.obolibrary.org/obo/CL_0000128)","Synpr,  Plp1,  Mbp,  Man1a,  St18,  Nckap5,  Prr5l,  Kank1,  Pcdh7,  Opalin"
"67","Oligo Opalin_4","Opalin+ oligodendrocyte_4","[oligodendrocyte](http://www.ontobee.org/ontology/CL?iri=http://purl.obolibrary.org/obo/CL_0000128)","Prom1,  Plp1,  Mbp,  Pdzrn3,  Thbs3,  St18,  Cxcl12,  Prr5l,  Mobp,  Opalin"
"34","OPC Pdgfra","Pdgfra+ oligodendrocyte precursor cell","[oligodendrocyte precursor cell](http://www.ontobee.org/ontology/CL?iri=http://purl.obolibrary.org/obo/CL_0002453)","Plp1,  Mbp,  St18,  Prr5l,  Mobp,  Mal,  Mog,  Cldn11,  Pde4b,  Pdgfra"
"17","Peri","pericyte","[brain pericyte](http://www.ontobee.org/ontology/CL?iri=http://purl.obolibrary.org/obo/CL_2000043)","Plp1,  Mbp,  St18,  Prr5l,  Mobp,  Mal,  Mog,  Cldn11,  Pde4b,  Mag"
"65","Pvalb Calb1_1","Pvalb+ Calb1+ GABAergic neuron_1","[GABAergic neuron](http://www.ontobee.org/ontology/CL?iri=http://purl.obolibrary.org/obo/CL_0000617)","Plp1,  Spp1,  Trpc6,  Mbp,  St18,  Gm32647,  Npy,  Prr5l,  Pvalb,  Calb1"
"40","Pvalb Calb1_2","Pvalb+ Calb1+ GABAergic neuron_2","[GABAergic neuron](http://www.ontobee.org/ontology/CL?iri=http://purl.obolibrary.org/obo/CL_0000617)","Lhfpl3,  Tac1,  Cntnap5c,  Vcan,  Tnr,  Grm7,  Ptprz1,  Rbp4,  Pvalb,  Calb1"
"51","Pvalb Egfem1","Pvalb+ Egfem1+ GABAergic neuron","[GABAergic neuron](http://www.ontobee.org/ontology/CL?iri=http://purl.obolibrary.org/obo/CL_0000617)","Nos1,  Atp13a5,  9330158H04Rik,  Vtn,  Sorcs3,  Cald1,  Ebf1,  Ptprk,  Pvalb,  Egfem1"
"26","Pvalb Gabrg1","Pvalb+ Gabrg1+ GABAergic neuron","[GABAergic neuron](http://www.ontobee.org/ontology/CL?iri=http://purl.obolibrary.org/obo/CL_0000617)","Kcnc2,  Th,  Gabrg1,  Erbb4,  Gpc4,  Sox5,  Il1rapl2,  Gm16685,  Pth2r,  Pvalb"
"55","Pvalb Gpr149","Pvalb+ Gpr149+ GABAergic neuron","[GABAergic neuron](http://www.ontobee.org/ontology/CL?iri=http://purl.obolibrary.org/obo/CL_0000617)","Kcnc2,  Fzd6,  Mrvi1,  Erbb4,  Zfpm2,  Sox5,  Il1rapl2,  Dscam,  Pvalb,  Gpr149"
"11","Pvalb Il1rapl2","Pvalb+ Il1rapl2+ GABAergic neuron","[GABAergic neuron](http://www.ontobee.org/ontology/CL?iri=http://purl.obolibrary.org/obo/CL_0000617)","Kcnc2,  Thsd7a,  Pcdh15,  Erbb4,  Il1rapl2,  Sox5,  Ncam2,  Col25a1,  Inpp4b,  Pvalb"
"89","Pvalb Kank4","Pvalb+ Kank4+ GABAergic neuron","[GABAergic neuron](http://www.ontobee.org/ontology/CL?iri=http://purl.obolibrary.org/obo/CL_0000617)","Brinp3,  Kcnc2,  Erbb4,  Sema3e,  Lrp1b,  Sox5,  Il1rapl2,  Pcdh9,  Pvalb,  Kank4"
"54","Pvalb Reln","Pvalb+ Reln+ GABAergic neuron","[GABAergic neuron](http://www.ontobee.org/ontology/CL?iri=http://purl.obolibrary.org/obo/CL_0000617)","Kcnc2,  Cntn5,  Erbb4,  Reln,  Nlgn1,  Sox5,  Clstn2,  Il1rapl2,  Gm46102,  Pvalb"
"23","Pvalb Vipr2_1","Pvalb+ Vipr2+ GABAergic neuron_1","[GABAergic neuron](http://www.ontobee.org/ontology/CL?iri=http://purl.obolibrary.org/obo/CL_0000617)","Kcnc2,  Crabp1,  Prox1,  Erbb4,  Pcsk6,  Sox5,  Il1rapl2,  Gm37267,  Pvalb,  Vipr2"
"68","Pvalb Vipr2_2","Pvalb+ Vipr2+ GABAergic neuron_2","[GABAergic neuron](http://www.ontobee.org/ontology/CL?iri=http://purl.obolibrary.org/obo/CL_0000617)","Unc5b,  Kcnc2,  Mctp2,  Erbb4,  Sox5,  Pde3a,  Il1rapl2,  Kit,  Pvalb,  Vipr2"
"46","PVM_1","Perivascular macrophage","[perivascular macrophage](http://www.ontobee.org/ontology/CL?iri=http://purl.obolibrary.org/obo/CL_0000881)","F13a1,  Kcnc2,  Erbb4,  Aoah,  Ms4a4a,  Sox5,  Il1rapl2,  Colec12,  Fam19a2,  Gm30489"
"52","PVM_2","Perivascular macrophage","[perivascular macrophage](http://www.ontobee.org/ontology/CL?iri=http://purl.obolibrary.org/obo/CL_0000881)","Kcnc2,  Gm49087,  Erbb4,  Klra2,  H2-Eb1,  Sox5,  Il1rapl2,  H2-Ab1,  Fam19a2,  4930562F07Rik"
"110","PVM_3","Perivascular macrophage","[perivascular macrophage](http://www.ontobee.org/ontology/CL?iri=http://purl.obolibrary.org/obo/CL_0000881)","Napsa,  Kcnc2,  Erbb4,  Slamf7,  Gpr141,  Sox5,  Il1rapl2,  H2-Eb1,  Fam19a2,  H2-Aa"
"94","SMC","smooth muscle cell","[smooth muscle cell](http://www.ontobee.org/ontology/CL?iri=http://purl.obolibrary.org/obo/CL_0000192)","Acta2,  Map3k7cl,  Gm6249,  Myh11,  Tagln,  Pdlim3,  Ephx3,  Olfr558,  Crip1,  Tbx2"
"103","Sncg Calb1_1","Sncg+ Calb1+ GABAergic neuron_1","[GABAergic neuron](http://www.ontobee.org/ontology/CL?iri=http://purl.obolibrary.org/obo/CL_0000617)","Cpne5,  Adarb2,  Cnr1,  Ror1,  Megf10,  Oxr1,  Lsamp,  Cadps2,  Sncg,  Calb1"
"80","Sncg Calb1_2","Sncg+ Calb1+ GABAergic neuron_2","[GABAergic neuron](http://www.ontobee.org/ontology/CL?iri=http://purl.obolibrary.org/obo/CL_0000617)","Tll1,  Adarb2,  Calb1,  Cnr1,  Megf10,  Cpne5,  Stk32a,  Cadps2,  Gria3,  Sncg"
"37","Sncg Col14a1","Sncg+ Col14a1+ GABAergic neuron","[GABAergic neuron](http://www.ontobee.org/ontology/CL?iri=http://purl.obolibrary.org/obo/CL_0000617)","Luzp2,  Adarb2,  Cnr1,  Cdh6,  Megf10,  Npy,  Cadps2,  Erbb4,  Sncg,  Col14a1"
"19","Sncg Npy2r","Sncg+ Npy2r+ GABAergic neuron","[GABAergic neuron](http://www.ontobee.org/ontology/CL?iri=http://purl.obolibrary.org/obo/CL_0000617)","Pcdh9,  Adarb2,  Cnr1,  Npy2r,  Grik4,  Megf10,  Cadps2,  Kirrel3,  Col25a1,  Sncg"
"32","Sncg Slc17a8","Sncg+ Slc17a8+ GABAergic neuron","[GABAergic neuron](http://www.ontobee.org/ontology/CL?iri=http://purl.obolibrary.org/obo/CL_0000617)","Adarb2,  Slc17a8,  Gas2l3,  Cnr1,  Nr1h4,  Megf10,  Adamts18,  Cadps2,  Kctd12,  Sncg"
"106","Sst C1ql3_1","Sst+ C1ql3+ GABAergic neuron_1","[GABAergic neuron](http://www.ontobee.org/ontology/CL?iri=http://purl.obolibrary.org/obo/CL_0000617)","Adarb2,  Pard3bos1,  Ptprk,  Cnr1,  Pard3b,  Megf10,  Cadps2,  Crh,  Sst,  C1ql3"
"74","Sst C1ql3_2","Sst+ C1ql3+ GABAergic neuron_2","[GABAergic neuron](http://www.ontobee.org/ontology/CL?iri=http://purl.obolibrary.org/obo/CL_0000617)","Ndnf,  Sst,  Crh,  Grin3a,  Nxph1,  Pla2g4a,  Galntl6,  Gm15584,  Ntng1,  C1ql3"
"70","Sst Calb2","Sst+ Calb2+ GABAergic neuron","[GABAergic neuron](http://www.ontobee.org/ontology/CL?iri=http://purl.obolibrary.org/obo/CL_0000617)","Sst,  Olfm3,  Pcsk5,  Grin3a,  Nkain3,  Nxph1,  Ptprd,  Galntl6,  Rgs6,  Calb2"
"10","Sst Chodl","Sst+ Chodl+ GABAergic neuron","[GABAergic neuron](http://www.ontobee.org/ontology/CL?iri=http://purl.obolibrary.org/obo/CL_0000617)","Sst,  Grin3a,  Nxph1,  Galntl6,  Rgs6,  Sox6,  Mgat4c,  Synpr,  Cacna2d3,  Chodl"
"73","Sst Crhr2_1","Sst+ Crhr2+ GABAergic neuron_1","[GABAergic neuron](http://www.ontobee.org/ontology/CL?iri=http://purl.obolibrary.org/obo/CL_0000617)","Sst,  Gm12128,  Rspo2,  Grin3a,  Crtac1,  Nxph1,  Tmem132d,  Galntl6,  Alk,  Crhr2"
"47","Sst Crhr2_2","Sst+ Crhr2+ GABAergic neuron_2","[GABAergic neuron](http://www.ontobee.org/ontology/CL?iri=http://purl.obolibrary.org/obo/CL_0000617)","Sst,  Grm8,  Grin3a,  Crybg1,  Nxph1,  Tmem132b,  St6galnac5,  Galntl6,  Rgs6,  Crhr2"
"13","Sst Etv1_1","Sst+ Etv1+ GABAergic neuron_1","[GABAergic neuron](http://www.ontobee.org/ontology/CL?iri=http://purl.obolibrary.org/obo/CL_0000617)","Fbn2,  Sst,  C1qtnf7,  Grin3a,  Nr2f2,  Nxph1,  Cnih3,  Galntl6,  Pcdh7,  Etv1"
"50","Sst Hpse","Sst+ Hpse+ GABAergic neuron","[GABAergic neuron](http://www.ontobee.org/ontology/CL?iri=http://purl.obolibrary.org/obo/CL_0000617)","Hpse,  Sst,  Ust,  Grin3a,  Nxph1,  Syt6,  Galntl6,  Pdyn,  Rgs6,  Tox"
"109","Sst Htr1a","Sst+ Htr1a+ GABAergic neuron","[GABAergic neuron](http://www.ontobee.org/ontology/CL?iri=http://purl.obolibrary.org/obo/CL_0000617)","Sst,  Pdyn,  Gm30835,  Grin3a,  Ryr3,  Nxph1,  Elmo1,  Galntl6,  Cdh9,  Htr1a"
"43","Sst Myh8_1","Sst+ Myh8+ GABAergic neuron_1","[GABAergic neuron](http://www.ontobee.org/ontology/CL?iri=http://purl.obolibrary.org/obo/CL_0000617)","Plpp4,  Sst,  Il1rapl2,  Grin3a,  Nxph1,  Cdh12,  Chsy3,  Galntl6,  Rgs6,  Myh8"
"102","Sst Myh8_2","Sst+ Myh8+ GABAergic neuron_2","[GABAergic neuron](http://www.ontobee.org/ontology/CL?iri=http://purl.obolibrary.org/obo/CL_0000617)","Gulp1,  Sst,  Pld5,  Grin3a,  Nxph1,  Kcnb2,  Gas7,  Galntl6,  Fat3,  Myh8"
"107","Sst Myh8_3","Sst+ Myh8+ GABAergic neuron_3","[GABAergic neuron](http://www.ontobee.org/ontology/CL?iri=http://purl.obolibrary.org/obo/CL_0000617)","Slc24a2,  Sst,  Cdh9,  Grin3a,  Nxph1,  Elmo1,  Galntl6,  Npas3,  Rgs6,  Myh8"
"63","Sst Penk","Sst+ Penk+ GABAergic neuron","[GABAergic neuron](http://www.ontobee.org/ontology/CL?iri=http://purl.obolibrary.org/obo/CL_0000617)","Sst,  Cartpt,  Grin3a,  Zfp521,  Nxph1,  9530026P05Rik,  Galntl6,  Lama3,  Baiap3,  Penk"
"44","Sst Pvalb Calb2","Sst+ Pvalb+ Calb2+ GABAergic neuron","[GABAergic neuron](http://www.ontobee.org/ontology/CL?iri=http://purl.obolibrary.org/obo/CL_0000617)","Moxd1,  Sst,  Grin3a,  Klf12,  Kcnab1,  Nxph1,  Galntl6,  Col25a1,  Pvalb,  Calb2"
"105","Sst Pvalb Etv1","Sst+ Pvalb+ Etv1+ GABAergic neuron","[GABAergic neuron](http://www.ontobee.org/ontology/CL?iri=http://purl.obolibrary.org/obo/CL_0000617)","Fbn2,  Sst,  Grin3a,  Etv1,  Sgcz,  Nxph1,  Galntl6,  Whrn,  Rgs6,  Pvalb"
"97","Sst Tac2","Sst+ Tac2+ GABAergic neuron","[GABAergic neuron](http://www.ontobee.org/ontology/CL?iri=http://purl.obolibrary.org/obo/CL_0000617)","Tac2,  Sst,  Ndnf,  Grin3a,  Crh,  Nxph1,  Kcnh8,  Galntl6,  Myo1b,  Rgs6"
"61","Sst Th_1","Sst+ Th+ GABAergic neuron_1","[GABAergic neuron](http://www.ontobee.org/ontology/CL?iri=http://purl.obolibrary.org/obo/CL_0000617)","Sst,  Bcl6,  Phactr2,  Grin3a,  Nxph1,  Sorcs3,  Galntl6,  Antxr2,  Serpine2,  Th"
"98","Sst Th_2","Sst+ Th+ GABAergic neuron_2","[GABAergic neuron](http://www.ontobee.org/ontology/CL?iri=http://purl.obolibrary.org/obo/CL_0000617)","Pnoc,  Sst,  Grin3a,  Nr4a2,  Nxph1,  Th,  Rspo3,  Galntl6,  Rgs6,  Gabrg1"
"48","Sst Th_3","Sst+ Th+ GABAergic neuron_3","[GABAergic neuron](http://www.ontobee.org/ontology/CL?iri=http://purl.obolibrary.org/obo/CL_0000617)","Sst,  Corin,  Gm36251,  Grin3a,  Nxph1,  Th,  Nr4a2,  Galntl6,  Clec18a,  Rgs6"
"115","Sst_Pappa","Sst+ Pappa+ GABAergic neuron","[GABAergic neuron](http://www.ontobee.org/ontology/CL?iri=http://purl.obolibrary.org/obo/CL_0000617)","Sst,  AC129186.1,  Grin3a,  Layn,  Nxph1,  Myo5b,  Galntl6,  Gna14,  Rgs6,  Pappa"
"49","Vip C1ql1","Vip+ C1ql1+ GABAergic neuron","[GABAergic neuron](http://www.ontobee.org/ontology/CL?iri=http://purl.obolibrary.org/obo/CL_0000617)","Nos1,  Ptprk,  A830036E02Rik,  Crhbp,  Ndst4,  Lsamp,  Tacr1,  Pcdh11x,  Vip,  C1ql1"
"56","Vip Chat_1","Vip+ Chat+ GABAergic neuron_1","[GABAergic neuron](http://www.ontobee.org/ontology/CL?iri=http://purl.obolibrary.org/obo/CL_0000617)","Creb5,  Vip,  Vwc2,  Cacna1a,  Galnt17,  Adarb2,  Gpc6,  Limch1,  Chat,  Synpr"
"69","Vip Chat_2","Vip+ Chat+ GABAergic neuron_2","[GABAergic neuron](http://www.ontobee.org/ontology/CL?iri=http://purl.obolibrary.org/obo/CL_0000617)","Vip,  Lypd1,  Cacna1a,  Kirrel3,  Grik4,  Adarb2,  Limch1,  Grm7,  Synpr,  Chat"
"42","Vip Gpc3","Vip+ Gpc3+ GABAergic neuron","[GABAergic neuron](http://www.ontobee.org/ontology/CL?iri=http://purl.obolibrary.org/obo/CL_0000617)","Sema6d,  Vip,  Cacna1a,  Lin7a,  Alcam,  Adarb2,  Pcdh11x,  Limch1,  Synpr,  Gpc3"
"9","Vip Htr1f_1","Vip+ Htr1f+ GABAergic neuron_1","[GABAergic neuron](http://www.ontobee.org/ontology/CL?iri=http://purl.obolibrary.org/obo/CL_0000617)","Cdh6,  Vip,  Cacna1a,  Npy,  Mlip,  Adarb2,  Limch1,  Vwc2l,  Sntg1,  Htr1f"
"88","Vip Igfbp6_1","Vip+ Igfbp6+ GABAergic neuron_1","[GABAergic neuron](http://www.ontobee.org/ontology/CL?iri=http://purl.obolibrary.org/obo/CL_0000617)","Vip,  Stac,  Entpd1,  Cacna1a,  Adarb2,  Plcl1,  Ptprr,  Limch1,  Adgrl2,  Igfbp6"
"78","Vip Igfbp6_2","Vip+ Igfbp6+ GABAergic neuron_2","[GABAergic neuron](http://www.ontobee.org/ontology/CL?iri=http://purl.obolibrary.org/obo/CL_0000617)","Reln,  Vip,  Cacna1a,  Cobll1,  AC129186.1,  Adarb2,  Corin,  Limch1,  Thsd7b,  Igfbp6"
"85","Vip Mybpc1_1","Vip+ Mybpc1+ GABAergic neuron_1","[GABAergic neuron](http://www.ontobee.org/ontology/CL?iri=http://purl.obolibrary.org/obo/CL_0000617)","Vip,  Gm45321,  Cacna1a,  Gm2516,  Adarb2,  4930555F03Rik,  Limch1,  C130073E24Rik,  Synpr,  Mybpc1"
"53","Vip Mybpc1_2","Vip+ Mybpc1+ GABAergic neuron_2","[GABAergic neuron](http://www.ontobee.org/ontology/CL?iri=http://purl.obolibrary.org/obo/CL_0000617)","5033421B08Rik,  Vip,  Cacna1a,  Slc7a15,  Mybpc1,  Adarb2,  Limch1,  Itih5,  Synpr,  Col15a1"
"60","Vip Mybpc1_3","Vip+ Mybpc1+ GABAergic neuron_3","[GABAergic neuron](http://www.ontobee.org/ontology/CL?iri=http://purl.obolibrary.org/obo/CL_0000617)","Grm8,  Vip,  Cacna1a,  Dcc,  Grik1,  Adarb2,  Ryr3,  Limch1,  Synpr,  Mybpc1"
"101","Vip Serpinf1_1","Vip+ Serpinf1+ GABAergic neuron_1","[GABAergic neuron](http://www.ontobee.org/ontology/CL?iri=http://purl.obolibrary.org/obo/CL_0000617)","Vip,  Sfrp2,  Cacna1a,  Lmo1,  Adarb2,  Calcrl,  Fam196b,  Limch1,  Dock2,  Serpinf1"
"77","Vip Serpinf1_2","Vip+ Serpinf1+ GABAergic neuron_2","[GABAergic neuron](http://www.ontobee.org/ontology/CL?iri=http://purl.obolibrary.org/obo/CL_0000617)","Vip,  Clrn1,  Col14a1,  Cacna1a,  Adarb2,  Crtac1,  Dpy19l1,  Limch1,  Gm45680,  Serpinf1"
"83","Vip Serpinf1_3","Vip+ Serpinf1+ GABAergic neuron_3","[GABAergic neuron](http://www.ontobee.org/ontology/CL?iri=http://purl.obolibrary.org/obo/CL_0000617)","Ror1,  Vip,  Arhgef37,  Cacna1a,  Adarb2,  Drd2,  Sv2c,  Limch1,  Synpr,  Serpinf1"
"95","Vip Sncg","Sncg+ GABAergic neuron","[GABAergic neuron](http://www.ontobee.org/ontology/CL?iri=http://purl.obolibrary.org/obo/CL_0000617)","Vip,  Cacna1a,  Adra1b,  Adarb2,  Limch1,  Synpr,  Cntn4,  Sorcs1,  Crh,  Sncg"
"3","VLMC_1","vascular lepotomeningeal cell_1","[brain pericyte](http://www.ontobee.org/ontology/CL?iri=http://purl.obolibrary.org/obo/CL_2000043)","Ptgds,  Gm30624,  Bnc2,  Arhgap22,  Cped1,  Gm47865,  Slc7a11,  Col15a1,  Bmp6,  Adgrl3"
"38","VLMC_2","vascular lepotomeningeal cell_2","[brain pericyte](http://www.ontobee.org/ontology/CL?iri=http://purl.obolibrary.org/obo/CL_2000043)","Aox3,  Ptgds,  Bnc2,  Plxna2,  Slc7a11,  Cped1,  Prex2,  Vcam1,  Bmp6,  Coch"
"5","VLMC_3","vascular lepotomeningeal cell_3","[brain pericyte](http://www.ontobee.org/ontology/CL?iri=http://purl.obolibrary.org/obo/CL_2000043)","Pkhd1,  Ptgds,  Rspo2,  Bnc2,  Cftr,  Cped1,  Slc7a11,  Gm2115,  Bmp6,  Atp13a5"
"12","VLMC_4","vascular lepotomeningeal cell_4","[brain pericyte](http://www.ontobee.org/ontology/CL?iri=http://purl.obolibrary.org/obo/CL_2000043)","Ptgds,  Sh3gl3,  Bnc2,  Aifm3,  Ppp1r1a,  Cped1,  Gm27151,  Slc7a11,  Atp13a5,  Bmp6"
"18","VLMC_5","vascular lepotomeningeal cell_5","[brain pericyte](http://www.ontobee.org/ontology/CL?iri=http://purl.obolibrary.org/obo/CL_2000043)","Slc47a1,  Ptgds,  Bnc2,  Slc4a10,  Cped1,  Pcdh7,  Slc7a11,  Tmeff2,  Erc2,  Bmp6"
"6","VLMC_6","vascular lepotomeningeal cell_6","[brain pericyte](http://www.ontobee.org/ontology/CL?iri=http://purl.obolibrary.org/obo/CL_2000043)","Ptgds,  Prg4,  Bnc2,  Tspan8,  Cped1,  Msln,  Slc7a11,  Dapl1,  Bmp6,  Fn1"
"45","VLMC_7","vascular lepotomeningeal cell_7","[brain pericyte](http://www.ontobee.org/ontology/CL?iri=http://purl.obolibrary.org/obo/CL_2000043)","Cubn,  Ptgds,  Bnc2,  Slc7a14,  Sptssb,  Cped1,  Slc7a11,  Dapl1,  Igfbp3,  Bmp6"
